ID_DIRECCION;Cod. DIRECCION Anterior;DIRECCION
610;712, 742;27657 COMMERCE OAKS DRIVE, CONROE TEXAS 77385
12;2, 420;211 PASTORAL MEDLEY CT, WILLIS, TEXAS 77318
14;3, 364;35 East Copper Sage Circle, Sterling Ridge, The Woodlands, Montgomery County, Texas 77381
16;4, 381;235 Starlight Place, Grogan's Point, Grogan's Mill, The Woodlands, Montgomery County, Texas, 77380, USA
27;6, 387;12590 Brandi Lane, Alden Bridge, Willis, Montgomery County, Texas, 77378, USA
676;138, 541, 241;13050 POINT AQUARIUS BLVD. WILLIS, TX 77318
36;10, 423;45 BENTWOOD DR, MONTGOMERY, TEXAS 77356
696;;39 WYCLIFFE DR. MONTGOMERY, TX 77356
47;70, 291;2826 CHAUCER MONTGOMERY TX 77356
612;13, 326;1996 MCCALEB RD MONTGOMERY, TX 77316
51;15, 543, 741;15285 FM 1485 RD CONROE, TX 77302
55;16, 519;2529 EAGLE POST DR, CONROE, TX 77304
642;78, 292;9224 LAKE CONROE DR, CONROE TX 77301
68;47, 440;15 WEST SHORE CT127, MONTGOMERY, TX 77356
669;521;26 LAKE ESTATES DR. MONTGOMERY, TX. 77356
618;23, 614;11231 JAKE PEARSON RD. CONROE, TX. 77304
98;24, 637, 454;11 Lake Estates Court, Montgomery, TX, 77356, USA
106;749, 32, 345;10450 PARKSIDE, PANORAMA VILLAGE, TX 77304
107;750, 346, 33;10455 TORREY PINES, PANORAMA VILLAGE, TX 77304
120;34, 344, 748;STONE CREEK DR, PANORAMA VILLAGE, TX 77301
110;756, 524, 377, 29;78 GREENBRIAR DR, PANORAMA VILLAGE, TEXAS 77304
113;27, 522, 755;99 HIWON DR, CONROE, TX 77304
112;28, 523;98 HIWON DR, CONROE, TX 77304
108;751, 347, 26;11 THUNDERBIRD DR, PANORAMA VILLAGE, TEXAS 77304
105;753, 376, 31;100 HALLMARK DR, PANORAMA VILLAGE, TEXAS 77304
109;25;73 GREENBRIAR DR, PANORAMA VILLAGE, MONTGOMERY COUNTY, TX 77304
119;752, 30, 348;1 PANORAMA DR, PANORAMA VILLAGE, TEXAS 77304
620;53, 607;636 BELLINGRATH PARK, CONROE, TX 77302
672;539;2209 MIDDLE RDG DR, CONROE, TX 77301
671;133, 538;2128 GRAHAM PT WY, CONROE, TX 77301
133;37, 417;1506 INTERSTATE 45 SOUTH CONROE TX 77304
621;39, 622;201 PORTER RD. CONROE, TX 77301
622;608, 40;3220 Katy Fwy, Houston, TX 77007
142;733;1022 MCCALL AVE, CONROE, TX 77301
145;42, 525;708 ARNOLD ST. CONROE TX 77301
143;642;1023 W LEWIS ST, CONROE, TX 77301
144;;1025 W LEWIS ST, CONROE, TX 77301
146;45, 526;2501 NORTH FRAZIER ST, CONROE TEXAS 77303
614;520;900 E SEMANDS ST, CONROE, TX 77301
183;413, 653, 71;1904 BOULDER RIDGE DR, CONROE, TEXAS 77304
643;81, 333;2040 LOST PINE CT. CONROE, TX 77304
157;46, 609;2 Merit Woods Place, Spring Hill, Alden Bridge, The Woodlands, Montgomery County, Texas, 77382, USA
607;8, 297;227 SARASOTA CIRCLE MONTGOMERY TX 77356
634;312;13245 BROOKFIELD LN CONROE, TX. 77301
172;116, 672, 205;11507 TWAIN DR, MONTGOMERY TEXAS 77356
174;738;526 CHESTNUT REEF CT, CONROE TX 77304
626;294;11431 OUTPOST COVE DRIVE WILLIS TEXAS 77318
627;548;2245 WILLOW DR. CONROE TX 77304
628;52;12329 LONGMIRE COVE TX., CONROE, TX 77304
693;166;13342 NORTHSHORE DR. MONTGOMERY, TX 77356
629;54, 335;501 PINE CLUSTER CT CONROE, TX 77301
616;21, 601;2018 MCCALEB RD. MONTGOMERY, TX. 77316
663;117, 207;1664 WHITE OAK CREEK CONROE, TX 77304
617;547;8 WEDGEWOOD BLVD CONROE TX 77304
630;540;102 LONGVIEW ST, CONROE TX 77301
631;219, 709;104 B LONGVIEW ST, CONROE TX 77301
632;57, 546;14991 LARAMIE TRAIL MONTGOMERY, TX 77316
633;58, 549, 714;3517 N. FRAZIER CONROE, TX. 77303
201;60, 545;12403 EASTEX FREEWAY HOUSTON TX 77039
203;225, 621, 61;704 EAST DAVIS, CONROE TX 77305
635;706;5011 HIDDEN MILLS CT SPRING TX 77389
206;63, 402;101 LONGVIEW STREET CONROE, TX 77301
636;67;18978 FREEPORT DR MONTGOMERY TX 77356
214;9, 615;6144 WALTONS POINT CONROE TX 77304
638;330;13920 AMBER LN, MONTGOMERY, TEXAS 77316
639;73, 620, 202;505 W. DAVIS CONROE, TX 77301
220;527, 74;925 INTERSTATE 45 S, CONROE, TX 77301
640;528;750 INTERSTATE 45S CONROE, TEXAS 77304
641;76, 529;500 INTERSTATE 45S CONROE, TEXAS 77304
228;79, 422, 656;600 CONROE PARK DR, CONROE, TX. 77303
644;83, 329;807 HILLS PARKWAY, MONTGOMERY TX 77316
645;658;8001 HILLS PARKWAY, MONTGOMERY TX 77316
234;84, 416;199 I-45, HUNTSVILLE, TX 77340
236;85, 384, 754;1001 GRAND CENTRAL PARKWAY CONROE TEXAS 77304
240;530;2001 AUTUMN RIDGE DR CONROE TEXAS 77304
242;55, 427;2103 GROVEWOOD PARK, CONROE TEXAS 77385
647;88, 531, 740;1007 W LEWIS ST, CONROE, TX 77301
648;;10883 FOREST CREEK WILLIS TEXAS 77318
271;89, 318;31 LA COSTA DR. MONTGOMERY TEXAS 77356
649;;"116 VERDANCIA PARK CT, WILLIS, TEXAS 77318
"
274;18, 412;108 MARSEILLE, MONTGOMERY, TEXAS 77356
277;278, 718;14170 FM 2854 RD, CONROE, TX 77304
694;;917 WETS LEWIS ST, CONROE TX 77301
695;;921 WETS LEWIS ST, CONROE TX 77301
290;323, 91;12323 LONGMIRE COVE TX., CONROE, TX 77304
291;451;1813 LILY MEADOWS DR. CONROE TX 77304
650;92, 342;305 S RIVERSHIRE DR CONROE, TX 77304
677;139, 602;23 LA JOLLA CIR. MONTGOMERY, TX 77356
613;14, 713, 633;147 VINE MINT DR MONTGOMERY TX 77316
646;87, 610;14809 LAKE MOUNT PLEASANMT RD. MONTGOMERY, TX 77356
659;104, 372;2818 CHAUCER DR. MONTGOMERY, TX. 77356
314;95, 383;2420 W VILLAGE GREEN CIR, CONROE, TX 77304
615;373, 19;1930 BOULDER RIDGE CONROE, TX 77304
637;68, 298;18 W. SHORE DR MONTGOMERY TX 77356
326;22, 324;10 WEDGEWOOD BLVD CONROE TX 77304
652;96, 603, 663, 704;12565 MELVILLE DR. MONTGOMERY, TX 77356
335;696;14 BENTWOOD DR, MONTGOMERY, TEXAS 77356
343;121, 441;1031 BENTWATER DRIVE, MONTGOMERY, TEXAS 77356
611;11, 533, 630;11387 JAKE PEARSON RD. CONROE, TX. 77304
651;93, 532;4552 LONGWOOD DR. CONROE, TX. 77304
358;616, 97;122 PINEHILL TRAILS CRT WILLIS, TX 77318
656;435, 715;16645 STONECREST DRIVE CONROE TEXAS 77302
362;611, 98;15 East Loftwood Circle, Sterling Ridge, The Woodlands, Montgomery County, Texas, 77382
367;127, 439;20 LAKE BLUFF, MONTGOMERY, TX 77356
381;534, 757, 100;16917 I-45, CONROE, TX 77385
394;450;38 HUNNEWELL CT SPRING, TX 77382
397;388;5223 SUNSHINE POINT WILLIS TEXAS 778318
403;38, 320;13 BROOKHAVEN POINT MONTGOMERY TX 77356
658;664, 102;2252 WILLOW DR. CONROE TX 77304
660;619, 669;2800 N FRAZIER ST, CONROE, TX 77303
412;110, 618;10586 HWY 75 N. WILLIS, TX. 77378
414;;9870 POZOS LANE CONROE TEXAS
661;111, 196;3770 POLLOK DR CONROE TEXAS 77303
415;112, 198;2021 AIRPORT RD. CONROE, TX 77301
424;114, 536;412 SUMMIT RIDGE COURT, WILLIS 77318
427;12;56 WATERBERRY CT, MONTGOMERY, TX 77356
662;115, 605, 671;17536 RABON CHAPEL RD, MONTGOMERY, TX 77316
664;208;19132 STEWART CREEK RD, MONTGOMERY, TX 77356
432;209;115 W MONTGOMERY ST, WILLIS TX 77388
434;120, 210;1011, Longmire Road, Conroe, Montgomery County, Texas, 77304, USA
435;122, 585;850 CONROE PARK W DR, CONROE, TX 77303
666;212;3205 COLLEGE PARK DRIVE,TX 77384
436;;102 LONGVIEW ST CONROE TEXAS 77301
667;537, 213;1011 W LEWIS ST CONROE TX 77301
686;146, 252;6 MERIT WOODS PLACE THE WOODLANDS TX 77382
625;;608 ARKANSAS PARK, CONROE, TX 77302
687;155, 262;1929 BOULDER RIDGE CONROE, TX 77304
668;128;8420 KINGS VIEW CT, MONTGOMERY, TX 77316
466;588, 690;360 GREEN COVE DR, MONTGOMERY TEXAS 77356
468;35, 295;208 WYNDMERE DR, MONTGOMERY, TEXAS 77356
476;132, 678;319 GREYPINE E, MONTGOMERY TX 77356
478;17, 300;1042 BENTWATER DRIVE MONTGOMERY TX 77356
480;168, 599, 694, 720;10819 TWIN CIRCLES DR, MONTGOMERY, TX 77356
484;;18 SILVER LUTE PL, THE WOODLANDS, TX 77381
489;136, 228;12288 LAKE VISTA DRIVE, WILLIS, TEXAS 77318
657;99, 287;2 LAKE ESTATES DR. MONTGOMERY, TX. 77356
674;266, 617, 158;139 VERDANCIA COURT WILLIS TEXAS 77318
675;612, 716, 419;703 Everett Street, Conroe, TX, 77301, USA
509;240, 234, 160;147 CLUB ISLAND WAY, MONTGOMERY, TEXAS 77356
521;236;1947 CONROE PARK WEST DRIVE, CONROE, TEXAS 77303
522;184, 414, 105;106 JENNY LN, MONTGOMERY, TEXAS 77316
678;137, 604;2017 FM 1375 RD EAST, HUNTSVILLE, TEXAS 77340
525;592;604 RUTLEDGE CT CONROE TEXAS 77302
528;80, 338;6934 GENTLEBREEZE WILLIS TX, 77318
691;163, 328;4129 EMMIT DR. MONTGOMERY, TX 77356
680;624;2912 WEST DAVIS ST, CONROE, TX 77304
679;239, 290;945 SGT. ED HOLCOMB BLV. CONROE, TX 77304
681;248;2803 HEMINGWAY DRIVE MONTGOMERY TEXAS 77356
546;;318 WATERFORD WAY MONTGOMERY TX 77356
624;542;12833 ANDROMEDA CT, WILLIS, TX 77318
685;;806 W DALLAS CONROE TX, 77305
553;594;29 Winged Foot Drive, Conroe, TX, 77304, USA
670;;39 E COPPER SAGE CIR, SPRING, TX 77381
562;244;1017 OUTPOST DRIVE CONROE TEXAS 77304
564;77, 579;110 CAMDEN HILLS DR, MONTGOMERY, TEXAS 77356
399;103, 249, 245, 101;139 CLUB ISLAND WAY, MONTGOMERY, TEXAS 77356
566;148, 580;10419 ENCHANTED MONTGOMERY TEXAS 77356
576;150, 254;706 FM 2854 CONROE TX 77301
571;149;233 SGT ED HOLCOMB BLV, S CONROE TX 77304
577;;706 OLD MONTGOMERY RD, CONROE, TX 77301
569;152, 256, 747;2004 TRUMAN ST CLEVELAND TX 77327
573;;402 LIBERTY ST, CLEVELAND TX 77327
570;550, 758;402 LIBERTY ST, Cleveland tx 77327
572;153, 698, 765;23750 FM 1314 PORTER RD TEXAS 77365
575;151;7045 HWY 75 S, HUNTSVILLE, TX 77340
688;156;187 BINNACLE COURT WILLIS, TX 77318
689;159, 270;19053 I-45 FRONTAGE ROAD, SHENANDOAH, TX 77385
587;319;1000 OUTPOST DR CONROE, TX 77304
690;272;2035 TICKNER CONROE, TX 77301
692;164, 275, 725, 736;700 HILBIG RD CONROER TX 77301
